method,family,x_train,x_infer,imp,elo,n_configs,imputed,imputed_pct
CatBoost,Tree-based,2.8843766068984715,0.009504704347651228,9.00115855100929,1520.3,1.0,False,0.0
CatBoost,Tree-based,8.252819391075155,0.04816633132781238,8.78174266175397,1539.9,2.0,False,0.0
CatBoost,Tree-based,21.662666574060783,0.11636704586301569,8.560019223649613,1580.0,5.0,False,0.0
CatBoost,Tree-based,44.16048090245374,0.1729198823681343,8.463673015530144,1588.0,10.0,False,0.0
CatBoost,Tree-based,109.08169982931913,0.21757393367016692,8.3283713253061,1608.1,25.0,False,0.0
CatBoost,Tree-based,221.6369492763141,0.26941492783209603,8.279220051639655,1617.9,50.0,False,0.0
CatBoost,Tree-based,453.4873826917888,0.31970633179046065,8.248225451152205,1627.4,100.0,False,0.0
CatBoost,Tree-based,679.1817937830775,0.340735055101516,8.242254590451994,1627.5,150.0,False,0.0
CatBoost,Tree-based,912.756170214365,0.344857002822471,8.235942504390293,1628.5,201.0,False,0.0
ChimeraBoost,Tree-based,0.7917380896017114,0.06034322641308609,8.549891227928175,1524.2,1.0,False,0.0
ChimeraBoost,Tree-based,1.6585953207907171,0.10742602903559534,8.614321421585473,1509.8,2.0,False,0.0
ChimeraBoost,Tree-based,3.8933412338260727,0.20611011666228912,8.533706543829986,1526.7,5.0,False,0.0
ChimeraBoost,Tree-based,7.840139953985324,0.3217919783220349,8.34465935221048,1565.1,10.0,False,0.0
ChimeraBoost,Tree-based,21.246637329475483,0.4957508917070558,8.125045535625972,1598.5,25.0,False,0.0
ChimeraBoost,Tree-based,43.39078891871665,0.6231002541823641,7.995800438422654,1614.7,50.0,False,0.0
ChimeraBoost,Tree-based,85.9748575856677,0.7203073384307722,7.889459189564621,1635.3,100.0,False,0.0
ChimeraBoost,Tree-based,128.5785503185945,0.7622522051616382,7.839176846649036,1646.6,150.0,False,0.0
ChimeraBoost,Tree-based,172.79633460877994,0.791558814481934,7.813621458348178,1653.0,201.0,False,0.0
EBM,Tree-based,2.363335295009983,0.005393269296148335,17.052480676635813,981.5,1.0,False,0.0
EBM,Tree-based,10.571594746056608,0.010637588972269102,16.707833540425653,993.8,2.0,False,0.0
EBM,Tree-based,33.62478780808067,0.02115155336776753,16.39601912021755,1015.9,5.0,False,0.0
EBM,Tree-based,62.935743864134764,0.030664845299967197,16.25214621001444,1038.3,10.0,False,0.0
EBM,Tree-based,154.73477422777148,0.043386114852681026,16.019428900397024,1061.7,25.0,False,0.0
EBM,Tree-based,312.6511755596259,0.05221521515562861,15.935522682249879,1081.1,50.0,False,0.0
EBM,Tree-based,608.0045919754671,0.062795575197969,15.86640504769228,1093.4,100.0,False,0.0
EBM,Tree-based,896.9079641690743,0.06766161426555278,15.840663867837751,1104.2,150.0,False,0.0
EBM,Tree-based,1213.9718626454971,0.07020908501721168,15.822044439518551,1114.1,201.0,False,0.0
EXAONE-Tabular,Foundation Model,5.938352790523042,1.2190337778571498,2.152537045422164,2168.4,1.0,False,0.0
ExtraTrees,Tree-based,0.778843591178295,0.07818721023538439,14.116871481001,972.5,1.0,False,0.0
ExtraTrees,Tree-based,1.0217265688179968,0.08896302217574864,13.479048393380594,1041.2,2.0,False,0.0
ExtraTrees,Tree-based,1.7428029517632495,0.0926460135839083,12.814562195367563,1112.5,5.0,False,0.0
ExtraTrees,Tree-based,2.929179805844217,0.11272012627532907,12.59183070142647,1136.9,10.0,False,0.0
ExtraTrees,Tree-based,6.61473647238103,0.13382328746392746,12.257836013437906,1178.9,25.0,False,0.0
ExtraTrees,Tree-based,12.710816754735825,0.16010216811489755,12.199420433829758,1192.5,50.0,False,0.0
ExtraTrees,Tree-based,24.941682372165904,0.1739802167966949,12.141993232884534,1204.6,100.0,False,0.0
ExtraTrees,Tree-based,37.13843182260326,0.19533876219142654,12.12181429753751,1210.7,150.0,False,0.0
ExtraTrees,Tree-based,49.61278913069225,0.23130390558744,12.111667355133193,1217.7,201.0,False,0.0
FastaiMLP,Neural Network,1.3590539264938266,0.11118662754860731,20.25401098375487,611.3,1.0,False,0.0
FastaiMLP,Neural Network,2.841461970932536,0.20815436143596683,20.07683561349145,637.8,2.0,False,0.0
FastaiMLP,Neural Network,7.861688332863547,0.34206058918148713,19.65599422202145,667.4,5.0,False,0.0
FastaiMLP,Neural Network,16.211292748618607,0.4546707255701,19.31799857112249,688.9,10.0,False,0.0
FastaiMLP,Neural Network,38.378016646625,0.4701854923294757,18.186520239217224,728.6,25.0,False,0.0
FastaiMLP,Neural Network,77.35362562651011,0.5743045365397949,17.454371009910886,757.0,50.0,False,0.0
FastaiMLP,Neural Network,157.4362726764646,0.7208507445492861,16.87477962660618,784.3,100.0,False,0.0
FastaiMLP,Neural Network,237.29170359859893,0.754111154272784,16.487262565977947,815.7,150.0,False,0.0
FastaiMLP,Neural Network,318.98177213595744,0.826942936891738,16.258133022186296,841.4,201.0,False,0.0
LightGBM,Tree-based,0.5527468903582226,0.23287067656677207,10.383593286625363,1273.9,1.0,False,0.0
LightGBM,Tree-based,1.7646549790327555,1.4016545585113596,10.213357071213066,1296.0,2.0,False,0.0
LightGBM,Tree-based,5.123098986824969,2.2355387213350655,9.448053726692256,1410.6,5.0,False,0.0
LightGBM,Tree-based,10.4740202795589,3.8851780262147813,9.016701360780061,1481.8,10.0,False,0.0
LightGBM,Tree-based,27.17130919268658,6.469026350125217,8.450803467197193,1582.7,25.0,False,0.0
LightGBM,Tree-based,54.79381562463304,8.142152738532934,8.283808717401776,1614.3,50.0,False,0.0
LightGBM,Tree-based,109.95879928434618,8.934174324925852,8.160552547804077,1639.4,100.0,False,0.0
LightGBM,Tree-based,165.441338516175,11.075370127348902,8.118004388961962,1651.5,150.0,False,0.0
LightGBM,Tree-based,222.05086324258062,11.236345797441988,8.069370464586015,1667.4,201.0,False,0.0
LimiX,Foundation Model,24.779441537580297,8.887527984828742,8.71055516271462,1378.0,1.0,False,0.0
ModernNCA,Neural Network,6.88402366686844,0.09402738506240116,7.435583860723449,1501.8,1.0,False,0.0
ModernNCA,Neural Network,21.149168504933144,0.2557002328489932,6.919535070839193,1551.7,2.0,False,0.0
ModernNCA,Neural Network,60.28695051488559,0.5782114979864537,6.096055246934631,1641.3,5.0,False,0.0
ModernNCA,Neural Network,121.85928580479494,0.9818556187636419,5.639144533862571,1718.0,10.0,False,0.0
ModernNCA,Neural Network,292.3137710755714,1.667412037814655,5.060802483218066,1803.5,25.0,False,0.0
ModernNCA,Neural Network,629.890040030536,2.2999785133115944,4.823201602559264,1838.0,50.0,False,0.0
ModernNCA,Neural Network,1243.5591974675485,2.975897111994067,4.641158384062919,1865.9,100.0,False,0.0
ModernNCA,Neural Network,1862.5519447854,3.4550985563907854,4.554137837075348,1882.6,150.0,False,0.0
ModernNCA,Neural Network,2526.306680600179,3.71660746715962,4.516169540902761,1895.4,201.0,False,0.0
Nori,Foundation Model,1.9532897692295377,0.6406884541342266,6.127805288848219,1709.6,1.0,False,0.0
Nori-30M,Foundation Model,4.873699292608979,1.8676058388771264,5.748082301636681,1819.6,1.0,False,0.0
PerpetualBooster,Tree-based,1.498562971264291,0.009266306042054258,14.449078219281681,1022.9,1.0,False,0.0
PerpetualBooster,Tree-based,5.1141485965271904,0.10227849419240426,11.893435127837515,1185.4,2.0,False,0.0
PerpetualBooster,Tree-based,14.778241097983575,0.33098199236744125,10.14307683983291,1315.8,5.0,False,0.0
PerpetualBooster,Tree-based,17.556623578705917,0.390341615697063,10.074307535622044,1331.3,6.0,False,0.0
RandomForest,Tree-based,0.4305837825133203,0.05298550965374278,13.419022142030034,999.6,1.0,False,0.0
RandomForest,Tree-based,0.8152132139610998,0.10398047790121376,12.976950993024335,1044.6,2.0,False,0.0
RandomForest,Tree-based,2.058818571808572,0.16841085944365577,12.602184834189895,1075.0,5.0,False,0.0
RandomForest,Tree-based,4.04497268068236,0.23586963037575037,12.283158848365686,1111.0,10.0,False,0.0
RandomForest,Tree-based,9.863235034934156,0.35618640302664617,12.112265915120997,1136.0,25.0,False,0.0
RandomForest,Tree-based,19.655091038950808,0.41954418783746067,12.04496787717075,1150.2,50.0,False,0.0
RandomForest,Tree-based,39.23076943862577,0.4998627172300893,12.008741468711987,1163.5,100.0,False,0.0
RandomForest,Tree-based,58.96451085170572,0.5389278300328646,11.994363862992518,1169.4,150.0,False,0.0
RandomForest,Tree-based,79.07837417352107,0.5464279631656325,11.988036276721994,1172.7,201.0,False,0.0
RealMLP,Neural Network,6.7532462416847245,0.23498184801373212,11.720371116380676,1180.4,1.0,False,0.0
RealMLP,Neural Network,15.921284698758477,0.3080259999395399,9.368580952812176,1367.0,2.0,False,0.0
RealMLP,Neural Network,45.30265507050032,0.3619920454060721,7.156701891924924,1600.2,5.0,False,0.0
RealMLP,Neural Network,98.5294547231353,0.5857834951085812,6.344355509731189,1675.4,10.0,False,0.0
RealMLP,Neural Network,250.4641319867499,0.8975962209931381,5.684390777191947,1778.8,25.0,False,0.0
RealMLP,Neural Network,506.204475350105,1.1621653963676446,5.352638784296561,1815.5,50.0,False,0.0
RealMLP,Neural Network,1007.9516707302987,1.4580786339418361,5.121043339802768,1849.7,100.0,False,0.0
RealMLP,Neural Network,1512.751366909911,1.5889939536507325,5.015943074135616,1866.1,150.0,False,0.0
RealMLP,Neural Network,2028.2894493939805,1.6682080327694422,4.923848284941827,1884.5,201.0,False,0.0
RealTabPFN-2.5,Foundation Model,1.6000651298315516,0.5079303228157378,4.830333324538364,1767.9,1.0,False,0.0
RealTabPFN-2.5,Foundation Model,5.127864715472546,1.4031929555826625,4.718347279307202,1786.4,2.0,False,0.0
RealTabPFN-2.5,Foundation Model,16.206992788783356,3.2513268046584503,4.47952461465278,1808.9,5.0,False,0.0
RealTabPFN-2.5,Foundation Model,34.25360422679489,4.991835645809406,4.175099893768886,1861.5,10.0,False,0.0
RealTabPFN-2.5,Foundation Model,90.67907808849944,6.462092531240927,3.836008386980591,1943.5,25.0,False,0.0
RealTabPFN-2.5,Foundation Model,181.39522434540766,7.501836072791203,3.6720929652087966,1979.0,50.0,False,0.0
RealTabPFN-2.5,Foundation Model,363.91723618262904,8.725939759343365,3.551182355201126,2003.4,100.0,False,0.0
RealTabPFN-2.5,Foundation Model,547.7650992279482,9.078118013513619,3.485097273743208,2021.2,150.0,False,0.0
RealTabPFN-2.5,Foundation Model,735.5848736648751,9.60376296544598,3.451806554209623,2029.2,201.0,False,0.0
SAP-RPT-OSS,Foundation Model,8.788918992848643,7.636456163190737,11.998466050314779,1156.3,1.0,False,0.0
TabDPT,Foundation Model,45.7738111435751,39.21168710680279,4.517562879317772,1736.6,1.0,False,0.0
TabDPT,Foundation Model,70.09362559423644,59.66081195193154,4.39122269741208,1761.9,2.0,False,0.0
TabDPT,Foundation Model,132.97854094385033,83.8163328945867,4.23575021147131,1786.1,5.0,False,0.0
TabDPT,Foundation Model,233.920471862395,117.6114176494299,4.114248342161889,1806.7,10.0,False,0.0
TabDPT,Foundation Model,585.2609706034752,205.765642760594,3.87845028663449,1844.8,25.0,False,0.0
TabDPT,Foundation Model,1183.650103946608,266.82546614262424,3.718080608187544,1867.8,50.0,False,0.0
TabDPT,Foundation Model,2376.2279314343073,326.9571428165481,3.588129443603448,1891.8,100.0,False,0.0
TabDPT,Foundation Model,3574.191913268326,356.2280399404019,3.518436473844434,1903.5,150.0,False,0.0
TabDPT,Foundation Model,4786.598933193933,361.18258507713074,3.4895963044447744,1911.9,201.0,False,0.0
TabDPT-Turbo,Foundation Model,0.6904298262168962,0.17842608661152493,3.7881712296794046,1856.5,1.0,False,0.0
TabFM,Foundation Model,25.251811810994045,11.645372004800587,0.6769531007690905,2303.7,1.0,False,0.0
TabICLv2,Foundation Model,0.4638004914709253,0.10389168137478615,3.1890140935591664,1884.3,1.0,False,0.0
TabM,Neural Network,3.134126416395493,0.03830659680889924,10.174380669785728,1301.9,1.0,False,0.0
TabM,Neural Network,11.644800317206586,0.08043589455978593,9.564364250176945,1377.1,2.0,False,0.0
TabM,Neural Network,46.72278711365329,0.14789752201102846,8.777333094650345,1439.5,5.0,False,0.0
TabM,Neural Network,111.52963744548634,0.2244672749026696,8.271484521847096,1488.3,10.0,False,0.0
TabM,Neural Network,297.5742071652328,0.34054223465073785,7.841556308419525,1532.3,25.0,False,0.0
TabM,Neural Network,594.9119312701223,0.46591208648278454,7.5883123573119855,1559.0,50.0,False,0.0
TabM,Neural Network,1160.4787998549275,0.6581520332140671,7.398150623046897,1578.1,100.0,False,0.0
TabM,Neural Network,1766.2915401389816,0.7117167228799149,7.3118750840598405,1590.3,150.0,False,0.0
TabM,Neural Network,2406.360319585994,0.7132695164791374,7.246219895821598,1603.2,201.0,False,0.0
TabPFN-2.6,Foundation Model,2.763002178987515,0.700875014724915,4.140937812857412,1943.6,1.0,False,0.0
TabPFN-3,Foundation Model,0.9134642861832926,0.2042898406795538,1.9565999196640433,1972.0,1.0,False,0.0
TabSTAR,Foundation Model,112.82796608531898,1.9637818715369053,27.146838498579744,421.7,1.0,False,0.0
TabSTAR,Foundation Model,136.62203293811547,1.933477852272125,27.06483746283369,457.1,2.0,False,0.0
TabSTAR,Foundation Model,192.31692672840262,2.140647516193624,26.91751890031962,469.6,5.0,False,0.0
TabSTAR,Foundation Model,268.681912443556,2.4886555762895703,26.54682501433986,493.3,10.0,False,0.0
TabSTAR,Foundation Model,587.89461172403,2.9679019309527157,25.813452410984418,519.9,25.0,False,0.0
TabSTAR,Foundation Model,1166.9417941916986,4.005723798375447,24.91727587918384,547.0,50.0,False,0.0
TabSTAR,Foundation Model,2300.4888270054034,4.717837520502027,24.35929044437583,570.5,100.0,False,0.0
TabSTAR,Foundation Model,3411.762205069271,4.943553034388052,23.96864703365907,605.9,150.0,False,0.0
TabSTAR,Foundation Model,4632.5950923332,5.282666632972537,23.682785838327923,647.0,201.0,False,0.0
TabSwift,Foundation Model,0.4819098388899328,0.1260951636040712,9.036078732408418,1366.9,1.0,False,0.0
TorchMLP,Neural Network,15.07910652909168,0.02799167728547286,15.184398264078819,1039.0,1.0,False,0.0
TorchMLP,Neural Network,37.549024418150424,0.0762465223913162,14.25800144303381,1062.9,2.0,False,0.0
TorchMLP,Neural Network,99.02646458108526,0.140805076759607,12.90721674323809,1132.8,5.0,False,0.0
TorchMLP,Neural Network,209.9682919696474,0.18008172673357192,12.18148698405317,1183.8,10.0,False,0.0
TorchMLP,Neural Network,502.63600496474163,0.2447433002106832,11.335024850080341,1229.3,25.0,False,0.0
TorchMLP,Neural Network,1067.3549756812033,0.3486057789179029,10.962693955843331,1255.3,50.0,False,0.0
TorchMLP,Neural Network,2143.4901830020726,0.4465492625177515,10.577766824614484,1275.4,100.0,False,0.0
TorchMLP,Neural Network,3266.8165720174284,0.5425320242843678,10.381534325553865,1288.1,150.0,False,0.0
TorchMLP,Neural Network,4348.6118964812395,0.5275799068085468,10.263243156436703,1303.8,201.0,False,0.0
XGBoost,Tree-based,0.5976286950191478,0.07990848594064758,10.160906353471814,1348.4,1.0,False,0.0
XGBoost,Tree-based,2.4341782987194773,0.33377660933798076,10.044512909237099,1358.1,2.0,False,0.0
XGBoost,Tree-based,7.3419221790132845,0.8523423395624958,9.62636913223333,1414.3,5.0,False,0.0
XGBoost,Tree-based,13.425391893256847,1.1380843560876435,9.42436158826839,1433.6,10.0,False,0.0
XGBoost,Tree-based,35.1370362217863,1.5157666043624203,9.195080025879163,1459.4,25.0,False,0.0
XGBoost,Tree-based,69.83880191326698,1.7011934543015128,9.069375948807332,1479.9,50.0,False,0.0
XGBoost,Tree-based,138.68430728332427,1.8390014530074776,8.980784926842968,1496.1,100.0,False,0.0
XGBoost,Tree-based,209.60031705983081,1.8309092575489103,8.953027325584701,1503.5,150.0,False,0.0
XGBoost,Tree-based,282.1320041804491,1.7397156137573087,8.934922497559947,1510.9,201.0,False,0.0
iLTM,Foundation Model,93.33114182412352,21.74495411941058,16.18159837449225,902.1,1.0,False,0.0
iLTM,Foundation Model,176.98147886998188,27.611022917127606,14.099674122997104,1007.1,2.0,False,0.0
iLTM,Foundation Model,425.90769409121833,40.033754282995815,18.875675738855723,1129.0,5.0,False,0.0
iLTM,Foundation Model,844.3867407394973,46.92423318461996,14.971693495749081,1262.2,10.0,False,0.0
iLTM,Foundation Model,2092.729064904225,66.5740410026117,9.699569693581545,1472.3,25.0,False,0.0
iLTM,Foundation Model,2173.0087869337094,65.02666237195983,9.67410355742413,1480.1,26.0,False,0.0
xRFM,Other,2.2753184760490552,0.1303369376702518,10.796127258936146,1291.1,1.0,False,0.0
xRFM,Other,4.388632053353625,0.16265765833608248,9.978984287485025,1352.7,2.0,False,0.0
xRFM,Other,10.709616505280295,0.17571689503226198,8.884928650482722,1416.6,5.0,False,0.0
xRFM,Other,21.39717464648962,0.26548505978624953,7.892412613138877,1534.3,10.0,False,0.0
xRFM,Other,53.341418674809134,0.3507721627426006,7.084977108549537,1607.5,25.0,False,0.0
xRFM,Other,106.1300468913615,0.45548542455518337,6.753408740423139,1634.6,50.0,False,0.0
xRFM,Other,212.0315758458066,0.5400047223716182,6.5671244107148485,1657.6,100.0,False,0.0
xRFM,Other,317.95865798828095,0.5704772448807884,6.480891905478854,1672.1,150.0,False,0.0
xRFM,Other,425.6136485357067,0.6149915398868933,6.448142050784727,1684.2,201.0,False,0.0
