,TabFM+,TabFM (default),"AutoGluon 1.6 (noncommercial, 4h)",EXAONE-Tabular (default),"AutoGluon 1.6 (extreme, 4h)","AutoGluon 1.5 (extreme, 4h)",TabPFN-3 (default),RealTabPFN-2.5 (T+E),TabPFN-2.6 (default),TabICLv2 (default),LimiX (default),RealMLP (T+E),TabDPT-Turbo (default),TabM (T+E),"AutoGluon 1.4 (best, 4h)",TabDPT (T+E),BetaTabPFN (default),LightGBM (T+E),TabSwift (default),SAP-RPT-OSS (default),CatBoost (T+E),iLTM (T+E),xRFM (T+E),ModernNCA (T+E),ChimeraBoost (T+E),XGBoost (T+E),EBM (T+E),TorchMLP (T+E),FastaiMLP (T+E),ExtraTrees (T+E),TabSTAR (T+E),OrionMSP (default),RandomForest (T+E),PerpetualBooster (T+E),TabFlex (default),Linear (T+E),KNN (T+E)
TabFM+,,0.56250006,0.7349206,0.7412699,0.74960315,0.7994048,0.82519835,0.8365079,0.8400794,0.8406747,0.91984135,0.9031747,0.88293654,0.8950396,0.9210318,0.9051588,0.8801588,0.90674603,0.8932541,0.8825397,0.94484127,0.9246033,0.9166666,0.94682544,0.93253976,0.9579366,0.9210318,0.9527778,0.93452376,0.9242063,0.8646826,0.9646826,0.9440476,0.9722222,0.95674604,0.96309525,0.9583333
TabFM (default),0.43749997,,0.67619044,0.72658736,0.7277778,0.7753968,0.79404753,0.7986111,0.77936506,0.83055556,0.88353175,0.84761906,0.8599206,0.85515875,0.895635,0.88492066,0.8621031,0.8904762,0.8630953,0.8607144,0.9123016,0.88571435,0.9059524,0.9027778,0.89960325,0.91785717,0.8896825,0.92222226,0.89087296,0.9242063,0.8396826,0.93333334,0.9376984,0.98373014,0.93928576,0.9619048,0.9480158
"AutoGluon 1.6 (noncommercial, 4h)",0.26507938,0.32380953,,0.52281743,0.6746031,0.6827381,0.6880952,0.71746033,0.73928577,0.73412704,0.83015877,0.82936513,0.8583334,0.8607143,0.8904763,0.9105159,0.868254,0.94285715,0.893254,0.8271825,0.93531746,0.9359126,0.9154762,0.9150794,0.9507937,0.95158726,0.9337302,0.96448416,0.92579365,0.93531746,0.854365,0.9511905,0.9309524,0.96904755,0.9615079,0.9511904,0.96626985
EXAONE-Tabular (default),0.25873017,0.27341273,0.47718257,,0.5634921,0.6710318,0.6396825,0.75079364,0.76944447,0.68214285,0.86071426,0.88611114,0.80753964,0.8861112,0.8769841,0.8378968,0.8873016,0.88849217,0.8789683,0.886508,0.9468254,0.906746,0.9202381,0.94206345,0.9595238,0.94444454,0.93253964,0.952381,0.92579365,0.9321428,0.8555556,0.94126993,0.9587302,0.9722222,0.93531746,0.95357144,0.97023803
"AutoGluon 1.6 (extreme, 4h)",0.25039682,0.27222222,0.32539684,0.4365079,,0.6059523,0.5807539,0.5869047,0.64682543,0.6670636,0.7817461,0.8047619,0.83611125,0.81785715,0.8571429,0.8988095,0.82420635,0.91051596,0.886508,0.81547624,0.89603174,0.9130953,0.9011904,0.890873,0.9285714,0.9186508,0.9238095,0.9474207,0.9327381,0.9234127,0.85396826,0.95714283,0.927381,0.9599206,0.961508,0.9535714,0.9686508
"AutoGluon 1.5 (extreme, 4h)",0.20059523,0.22460318,0.31726193,0.32896826,0.39404768,,0.47222224,0.5535714,0.6238095,0.5067461,0.73214287,0.81051594,0.68333334,0.8249999,0.8305556,0.7900795,0.770635,0.8746033,0.82380956,0.77380955,0.8869048,0.8928572,0.87777776,0.9035715,0.89880955,0.89722234,0.8785715,0.91269845,0.87738097,0.8984127,0.8234127,0.9355159,0.9174604,0.95277774,0.93253964,0.9297619,0.9484127
TabPFN-3 (default),0.17480159,0.20595239,0.31190482,0.36031747,0.41924602,0.52777773,,0.57857144,0.5555555,0.55714285,0.7253967,0.74285716,0.74285716,0.76031744,0.72023803,0.80079365,0.77837306,0.8142858,0.8615079,0.7857142,0.845635,0.856746,0.8702382,0.8599207,0.8873016,0.8712301,0.86746037,0.9103174,0.86210316,0.9242064,0.8599207,0.9420635,0.91071427,0.94246036,0.9499999,0.9428572,0.9404761
RealTabPFN-2.5 (T+E),0.16349207,0.20138888,0.2825397,0.24920638,0.41309524,0.4464286,0.42142862,,0.54206353,0.53492063,0.73055565,0.75277793,0.6420635,0.76468265,0.78492063,0.6940475,0.7869048,0.8269842,0.7603175,0.7906746,0.8662699,0.84186506,0.84722227,0.85515875,0.87956345,0.88492066,0.8595239,0.89126986,0.8700396,0.85436505,0.82857144,0.9150794,0.89444447,0.95714283,0.91785717,0.9365079,0.9166667
TabPFN-2.6 (default),0.15992062,0.22063494,0.2607143,0.23055555,0.3531745,0.37619048,0.44444448,0.45793658,,0.45198414,0.7031747,0.761508,0.68015873,0.75357145,0.7630953,0.7019841,0.75357145,0.804762,0.77658737,0.7789683,0.8531746,0.87738097,0.8357143,0.9035715,0.870635,0.8738095,0.8468254,0.89563495,0.85634935,0.8936507,0.82976186,0.8972222,0.8960318,0.93730164,0.9313492,0.92539686,0.94007933
TabICLv2 (default),0.15932539,0.16944446,0.26587301,0.31785718,0.3329365,0.49325392,0.44285718,0.46507937,0.5480159,,0.6914683,0.7234128,0.70674616,0.74325407,0.7575397,0.76170635,0.7634921,0.7833334,0.81746036,0.7162699,0.8071428,0.81746024,0.82103175,0.8123016,0.8317461,0.8261905,0.8333334,0.86230165,0.8539683,0.85654765,0.8253969,0.9063492,0.8876985,0.9293651,0.91190475,0.9484127,0.93492067
LimiX (default),0.08015875,0.11646826,0.16984127,0.13928571,0.21825397,0.26785716,0.2746032,0.26944444,0.29682544,0.30853176,,0.5749999,0.48531747,0.6234127,0.60198414,0.5482143,0.6166666,0.68531746,0.6376985,0.71507937,0.7095238,0.76130956,0.7325397,0.71388894,0.8087302,0.740873,0.7829366,0.759127,0.73869044,0.8242063,0.7880953,0.8450397,0.8519841,0.87896824,0.8507938,0.90277773,0.87857145
RealMLP (T+E),0.0968254,0.15238096,0.17063494,0.1138889,0.1952381,0.18948413,0.25714284,0.24722221,0.23849206,0.2765873,0.425,,0.45833334,0.54365075,0.5168651,0.50615084,0.5837302,0.7007937,0.5623016,0.6281746,0.74285716,0.7551588,0.7392858,0.688492,0.73650795,0.80992067,0.76587296,0.7753968,0.8208333,0.7952381,0.7849207,0.8103174,0.8571428,0.9202381,0.8496032,0.8972222,0.884127
TabDPT-Turbo (default),0.1170635,0.14007938,0.1416667,0.19246031,0.16388892,0.31666666,0.25714287,0.35793647,0.31984124,0.29325396,0.51468253,0.5416667,,0.5065476,0.5285714,0.59523815,0.5321428,0.59523815,0.69861114,0.6035715,0.63571435,0.6543651,0.63412696,0.6337301,0.66904753,0.6646825,0.67460316,0.7051587,0.7702382,0.7934523,0.7650794,0.8777779,0.84999996,0.8587302,0.93412703,0.8603174,0.91785717
TabM (T+E),0.10496032,0.14484128,0.13928573,0.1138889,0.18214285,0.175,0.23968256,0.23531748,0.24642858,0.25674602,0.37658733,0.45634928,0.49345237,,0.49126986,0.5204365,0.58809525,0.6317461,0.60436505,0.62579364,0.654365,0.6605159,0.63928574,0.6813492,0.70039696,0.73373014,0.79325396,0.7670636,0.7472223,0.7464286,0.7904762,0.7714285,0.7765873,0.8801588,0.8619048,0.9103174,0.87658733
"AutoGluon 1.4 (best, 4h)",0.078968264,0.10436509,0.10952382,0.12301587,0.14285716,0.16944446,0.2797619,0.21507935,0.23690477,0.24246034,0.3980159,0.48313493,0.4714286,0.50873023,,0.5134921,0.58095235,0.6718254,0.57480156,0.56785715,0.69325405,0.6805557,0.6585318,0.6404762,0.720635,0.7468254,0.7099207,0.78174603,0.77619064,0.7083334,0.77261895,0.77003956,0.8039683,0.92103183,0.8496031,0.8859127,0.88055557
TabDPT (T+E),0.09484128,0.11507936,0.08948413,0.16210318,0.101190485,0.20992064,0.19920635,0.30595237,0.2980159,0.23829365,0.45178565,0.49384922,0.40476188,0.4795635,0.4865079,,0.49642864,0.5543651,0.60615075,0.5956349,0.58888894,0.6416666,0.62281746,0.6464286,0.6559524,0.605754,0.6827382,0.6823413,0.7150793,0.78412694,0.734127,0.84761906,0.8420634,0.8507937,0.88095236,0.8297619,0.9160715
BetaTabPFN (default),0.11984128,0.13789682,0.13174604,0.11269841,0.17579366,0.2293651,0.221627,0.21309522,0.2464286,0.23650797,0.38333336,0.4162698,0.46785718,0.41190475,0.41904762,0.50357145,,0.5718254,0.5750001,0.57539684,0.5579365,0.5936509,0.6099206,0.5825397,0.6353175,0.62698406,0.7337302,0.69563496,0.6896826,0.7440477,0.8202381,0.7642857,0.7924603,0.82698405,0.8666667,0.9246031,0.88293654
LightGBM (T+E),0.09325397,0.10952382,0.05714286,0.111507945,0.08948414,0.12539683,0.18571427,0.1730159,0.1952381,0.21666668,0.3146825,0.29920635,0.40476188,0.36825395,0.32817462,0.4456349,0.42817464,,0.5325397,0.5472222,0.57420635,0.5501985,0.5869048,0.55793655,0.620238,0.7210317,0.6847223,0.64642864,0.6714287,0.7136906,0.7718254,0.7650794,0.78690475,0.89007944,0.82817465,0.8813492,0.8793651
TabSwift (default),0.10674604,0.13690476,0.10674604,0.121031746,0.11349208,0.17619047,0.13849208,0.23968253,0.22341272,0.18253969,0.36230156,0.43769845,0.3013889,0.3956349,0.4251984,0.3938492,0.42499995,0.4674603,,0.5674603,0.4849207,0.5424603,0.5309524,0.53650796,0.5142857,0.5499999,0.58293647,0.6246032,0.71825397,0.68611103,0.78888893,0.85317457,0.71944445,0.84761906,0.9305555,0.82738084,0.8567461
SAP-RPT-OSS (default),0.11746032,0.13928571,0.17281747,0.11349208,0.18452382,0.22619049,0.21428572,0.20932542,0.22103177,0.28373015,0.28492066,0.37182543,0.39642859,0.3742064,0.4321429,0.4043651,0.42460316,0.45277783,0.4325397,,0.45000005,0.48174605,0.55357146,0.502381,0.45436507,0.52817464,0.5607143,0.63333327,0.64841276,0.65079373,0.643254,0.64404756,0.69186515,0.76547617,0.79404753,0.84007937,0.74365085
CatBoost (T+E),0.055158734,0.08769841,0.06468254,0.053174607,0.103968255,0.11309524,0.15436509,0.13373017,0.1468254,0.19285716,0.29047623,0.25714287,0.36428574,0.34563494,0.30674604,0.41111115,0.4420635,0.4257937,0.5150793,0.55,,0.5162698,0.5587302,0.54523814,0.5698412,0.5771825,0.60555553,0.6301587,0.65714294,0.7166667,0.75992066,0.70793647,0.7892856,0.85158736,0.7920636,0.8531746,0.86230165
iLTM (T+E),0.075396836,0.11428572,0.0640873,0.09325397,0.086904764,0.107142866,0.14325397,0.15813494,0.12261905,0.1825397,0.2386905,0.24484126,0.34563497,0.33948416,0.31944448,0.35833332,0.40634918,0.44980153,0.45753974,0.518254,0.48373023,,0.57480156,0.53730166,0.5452381,0.5573413,0.5992064,0.6075397,0.66230166,0.6970238,0.71408737,0.73829365,0.77301586,0.86706346,0.8480159,0.8087302,0.84563494
xRFM (T+E),0.083333336,0.09404762,0.08452381,0.079761915,0.09880953,0.12222222,0.12976192,0.15277779,0.16428573,0.17896827,0.26746032,0.26071432,0.365873,0.36071426,0.34146824,0.37718254,0.39007935,0.41309524,0.46904758,0.44642854,0.44126984,0.42519838,,0.50039685,0.5555555,0.469246,0.5507936,0.54682535,0.5839286,0.64960307,0.675,0.7309524,0.7380953,0.7809524,0.8369047,0.8444446,0.87916666
ModernNCA (T+E),0.053174604,0.097222224,0.084920645,0.057936512,0.10912698,0.096428566,0.14007938,0.14484127,0.09642857,0.18769841,0.28611112,0.3115079,0.36626983,0.31865078,0.35952377,0.3535714,0.4174603,0.44206342,0.46349207,0.49761897,0.4547618,0.46269837,0.4996032,,0.47857141,0.5333333,0.57539684,0.54126984,0.56468254,0.65714294,0.66984123,0.6579366,0.7043651,0.7638889,0.75317466,0.74126995,0.7791667
ChimeraBoost (T+E),0.06746032,0.100396834,0.04920635,0.04047619,0.071428575,0.101190485,0.11269842,0.120436504,0.12936507,0.16825397,0.19126986,0.26349205,0.3309524,0.2996032,0.2793651,0.3440476,0.36468253,0.3797619,0.48571423,0.5456349,0.43015876,0.45476195,0.4444445,0.5214286,,0.5361111,0.5630953,0.57817465,0.5619048,0.59523815,0.752381,0.71626985,0.65714294,0.7900794,0.8035715,0.8027778,0.7938492
XGBoost (T+E),0.042063497,0.08214285,0.048412703,0.055555552,0.08134921,0.10277779,0.12876984,0.115079366,0.1261905,0.17380953,0.259127,0.19007938,0.33531746,0.26626983,0.2531746,0.39424604,0.37301588,0.27896827,0.45000005,0.47182536,0.42281747,0.44265872,0.530754,0.46666673,0.46388885,,0.5484127,0.5759921,0.5992064,0.6642857,0.73412704,0.7025794,0.767262,0.80436504,0.7954365,0.8436509,0.83769846
EBM (T+E),0.078968264,0.11031746,0.06626985,0.06746031,0.07619048,0.12142859,0.1325397,0.14047621,0.15317462,0.16666667,0.21706347,0.234127,0.32539684,0.20674607,0.29007936,0.3172619,0.2662699,0.31527776,0.4170635,0.4392857,0.3944445,0.4007936,0.44920638,0.4246032,0.43690476,0.4515873,,0.5384921,0.5335317,0.64781743,0.71428573,0.7039682,0.6805555,0.76031744,0.8206349,0.865873,0.8420634
TorchMLP (T+E),0.04722223,0.07777779,0.03551587,0.047619052,0.05257937,0.0873016,0.089682534,0.10873016,0.10436509,0.13769843,0.24087302,0.22460318,0.2948413,0.23293655,0.218254,0.31765866,0.3043651,0.35357136,0.37539682,0.36666664,0.36984125,0.3924603,0.45317462,0.4587302,0.42182538,0.42400792,0.46150795,,0.61587304,0.6269841,0.71091276,0.64761907,0.70396835,0.77658737,0.81230164,0.83194447,0.8047619
FastaiMLP (T+E),0.065476194,0.109126985,0.07420635,0.07420635,0.06726191,0.12261905,0.13789684,0.12996031,0.14365081,0.14603175,0.26130953,0.17916667,0.22976191,0.25277779,0.22380957,0.28492063,0.31031746,0.3285714,0.281746,0.35158727,0.34285715,0.33769843,0.41607144,0.43531746,0.43809524,0.4007936,0.4664683,0.384127,,0.5686508,0.6452381,0.6202381,0.6549603,0.7047619,0.8051587,0.7916666,0.7833333
ExtraTrees (T+E),0.07579365,0.07579365,0.06468255,0.06785715,0.076587304,0.1015873,0.07579365,0.14563492,0.10634919,0.14345239,0.17579365,0.2047619,0.20654763,0.25357142,0.29166666,0.21587302,0.2559524,0.28630954,0.31388888,0.34920636,0.28333333,0.3029762,0.3503968,0.34285712,0.40476185,0.3357143,0.35218257,0.37301588,0.43134922,,0.559127,0.61190474,0.6728175,0.6484127,0.7289682,0.6958333,0.8904762
TabSTAR (T+E),0.13531746,0.16031747,0.1456349,0.14444445,0.14603174,0.17658731,0.14007936,0.17142858,0.1702381,0.1746032,0.21190478,0.21507935,0.23492064,0.20952381,0.22738096,0.26587301,0.1797619,0.22817461,0.21111111,0.35674602,0.24007939,0.28591272,0.325,0.3301587,0.24761906,0.26587304,0.2857143,0.28908733,0.35476187,0.440873,,0.45833334,0.46468252,0.6,0.58769846,0.63769835,0.66666657
OrionMSP (default),0.035317462,0.06666667,0.04880953,0.05873016,0.042857148,0.06448413,0.057936516,0.084920645,0.10277779,0.0936508,0.15496032,0.18968256,0.12222222,0.22857143,0.22996032,0.15238097,0.2357143,0.23492064,0.1468254,0.35595235,0.2920635,0.26170635,0.26904762,0.34206352,0.28373018,0.29742068,0.29603174,0.35238093,0.37976196,0.3880953,0.5416666,,0.47222224,0.640873,0.7464285,0.71706355,0.6837302
RandomForest (T+E),0.05595238,0.062301584,0.069047615,0.041269846,0.07261904,0.08253968,0.08928572,0.10555556,0.10396826,0.11230159,0.14801587,0.14285715,0.14999999,0.2234127,0.19603176,0.1579365,0.20753969,0.21309523,0.28055558,0.30813494,0.21071431,0.22698414,0.26190475,0.29563493,0.34285712,0.23273814,0.31944445,0.2960317,0.34503967,0.3271825,0.5353175,0.5277778,,0.60039675,0.6349206,0.64801586,0.7781745
PerpetualBooster (T+E),0.02777778,0.016269842,0.030952383,0.027777778,0.040079366,0.047222223,0.05753969,0.042857148,0.06269842,0.070634924,0.12103175,0.079761915,0.14126983,0.119841285,0.078968264,0.14920636,0.17301586,0.10992064,0.15238094,0.2345238,0.1484127,0.13293651,0.21904765,0.23611109,0.20992066,0.19563495,0.23968256,0.22341272,0.29523808,0.3515873,0.39999995,0.35912699,0.3996032,,0.53055555,0.59087306,0.58373016
TabFlex (default),0.04325397,0.060714286,0.038492065,0.06468254,0.038492065,0.06746032,0.05,0.08214285,0.0686508,0.08809524,0.14920636,0.15039682,0.06587302,0.13809524,0.15039684,0.11904763,0.13333334,0.1718254,0.06944445,0.20595238,0.20793651,0.15198413,0.16309522,0.24682538,0.19642857,0.20456348,0.17936507,0.18769841,0.19484127,0.27103174,0.41230157,0.25357142,0.3650794,0.46944448,,0.53373015,0.5587301
Linear (T+E),0.036904763,0.03809524,0.04880953,0.04642857,0.046428572,0.0702381,0.057142854,0.06349207,0.074603185,0.05158731,0.097222224,0.10277778,0.13968255,0.08968254,0.114087306,0.1702381,0.07539683,0.1186508,0.17261906,0.15992066,0.1468254,0.19126984,0.15555556,0.25873014,0.19722223,0.15634921,0.13412698,0.16805556,0.20833334,0.30416664,0.3623016,0.2829365,0.3519841,0.40912703,0.46626982,,0.5047619
KNN (T+E),0.041666668,0.051984128,0.03373016,0.029761905,0.03134921,0.051587306,0.059523813,0.083333336,0.05992064,0.06507937,0.12142857,0.11587302,0.08214287,0.12341271,0.11944444,0.08392858,0.1170635,0.12063492,0.14325395,0.25634924,0.13769843,0.15436508,0.12083334,0.22083333,0.2061508,0.16230159,0.1579365,0.19523811,0.21666668,0.109523825,0.3333333,0.31626984,0.22182539,0.41626987,0.44126987,0.49523807,
