,TabFM (default),TabFM+,"AutoGluon 1.6 (noncommercial, 4h)",EXAONE-Tabular (default),"AutoGluon 1.6 (extreme, 4h)",TabPFN-3 (default),"AutoGluon 1.5 (extreme, 4h)",TabICLv2 (default),TabPFN-2.6 (default),RealTabPFN-2.5 (T+E),Mitra (default),TabPFNv2 (T+E),LimiX (default),TabDPT-Turbo (default),TabICL (default),RealMLP (T+E),TabM (T+E),"AutoGluon 1.4 (best, 4h)",TabDPT (T+E),BetaTabPFN (default),TabSwift (default),LightGBM (T+E),iLTM (T+E),SAP-RPT-OSS (default),CatBoost (T+E),ChimeraBoost (T+E),xRFM (T+E),ModernNCA (T+E),XGBoost (T+E),EBM (T+E),TorchMLP (T+E),FastaiMLP (T+E),TabSTAR (T+E),OrionMSP (default),ExtraTrees (T+E),PerpetualBooster (T+E),RandomForest (T+E),TabFlex (default),Linear (T+E),KNN (T+E)
TabFM (default),,0.49285716,0.6693121,0.77671957,0.73650795,0.79365075,0.7915343,0.81798947,0.7920636,0.84576726,0.8645503,0.90423274,0.92195773,0.873545,0.92275137,0.8915343,0.8883598,0.9116403,0.9037037,0.87380946,0.8698413,0.92063504,0.9037037,0.88624346,0.9386243,0.9153439,0.92698413,0.9227513,0.9544974,0.9121692,0.9507937,0.9227513,0.83544976,0.9566137,0.94973546,0.97989416,0.9724868,0.9455026,0.9507937,0.97989416
TabFM+,0.5071429,,0.71164024,0.7550265,0.72962964,0.7817461,0.79709,0.8039683,0.81058204,0.8306878,0.87142855,0.90687835,0.91640216,0.8566138,0.91058207,0.89365077,0.8939153,0.9169313,0.9021165,0.85767204,0.86613756,0.90687823,0.9132276,0.8751323,0.93492055,0.9153439,0.9269841,0.937037,0.95238096,0.9100529,0.94708997,0.91957664,0.82645506,0.9560847,0.94973546,0.96772486,0.9724868,0.94232804,0.95238096,0.9671958
"AutoGluon 1.6 (noncommercial, 4h)",0.33068785,0.28835982,,0.55370367,0.6989418,0.64285713,0.72883594,0.7137567,0.72063494,0.7830688,0.81798947,0.8806879,0.8439153,0.83333343,0.91058195,0.8555556,0.8793651,0.88730156,0.9166667,0.8555556,0.8608466,0.9301588,0.92089945,0.87010586,0.931217,0.93439156,0.93968266,0.9089948,0.9576718,0.92275137,0.960582,0.92486763,0.8074074,0.94126993,0.9687831,0.96507937,0.95925933,0.9486772,0.9365079,0.9724868
EXAONE-Tabular (default),0.22328043,0.24497354,0.44629633,,0.54232806,0.5767195,0.6677249,0.6619048,0.7550264,0.7359788,0.8296297,0.8542328,0.8518517,0.7925925,0.85608464,0.87777776,0.87619054,0.8671958,0.8542329,0.8740741,0.8402116,0.8809525,0.8851851,0.89312184,0.9322751,0.94603175,0.9285714,0.9338623,0.93068796,0.91481483,0.9412698,0.91693133,0.8089948,0.92328054,0.9582011,0.9661376,0.9798943,0.9137566,0.9380953,0.97936505
"AutoGluon 1.6 (extreme, 4h)",0.26349208,0.2703704,0.3010582,0.45767194,,0.52830684,0.6338624,0.6439154,0.6095239,0.6232804,0.7624338,0.81137574,0.78201056,0.8179895,0.8666667,0.82910067,0.8285715,0.85714287,0.9121692,0.80634916,0.8550264,0.89179903,0.8920635,0.8544974,0.894709,0.90476197,0.93015873,0.88624334,0.92486763,0.92222226,0.9441799,0.93730164,0.8068783,0.9539682,0.9671958,0.95608467,0.95925933,0.94867724,0.93968254,0.9756614
TabPFN-3 (default),0.2063492,0.21825397,0.3571429,0.42328045,0.47169313,,0.59629625,0.57248676,0.6137566,0.6730159,0.7920635,0.78095233,0.768254,0.7592593,0.80291003,0.8460317,0.83015877,0.79100525,0.8312168,0.81666666,0.85767204,0.85185194,0.8883598,0.85502654,0.8910054,0.9148149,0.90952384,0.88359797,0.9087302,0.9000001,0.94232804,0.90026456,0.8291005,0.92433876,0.95449746,0.92962974,0.9428572,0.93333334,0.92698413,0.9629629
"AutoGluon 1.5 (extreme, 4h)",0.20846562,0.20291007,0.27116403,0.33227515,0.36613756,0.40370375,,0.4719577,0.61058205,0.59047616,0.6478836,0.7031746,0.710582,0.63968253,0.7738096,0.81984127,0.82804227,0.8476191,0.77037036,0.7539683,0.76825404,0.86984134,0.8777778,0.80423284,0.87619054,0.873545,0.87407404,0.9031745,0.89629626,0.8571429,0.90582013,0.8814815,0.7661376,0.91560847,0.92169327,0.9386243,0.9380953,0.91005296,0.91269845,0.94708997
TabICLv2 (default),0.1820106,0.19603175,0.2862434,0.33809528,0.35608467,0.42751327,0.5280423,,0.55185187,0.5222222,0.6600529,0.7058201,0.7330688,0.7185186,0.76428574,0.7825397,0.77989423,0.79523814,0.77751315,0.78730166,0.80899465,0.7957672,0.8275132,0.7915344,0.8359788,0.8354499,0.8566138,0.8470899,0.8592592,0.8544974,0.894709,0.89259255,0.81640214,0.9291006,0.88492066,0.91216934,0.91375667,0.92486775,0.93439156,0.96243393
TabPFN-2.6 (default),0.20793651,0.18941797,0.27936512,0.24497354,0.39047617,0.38624337,0.389418,0.44814813,,0.4973546,0.6534392,0.67142856,0.71269846,0.64973545,0.72539675,0.778836,0.778836,0.78994715,0.7195767,0.7428571,0.7280423,0.81904763,0.8613757,0.81957674,0.86878306,0.8603175,0.8634921,0.9047619,0.85925937,0.84973544,0.8873017,0.8359789,0.7746032,0.87089956,0.92804235,0.92433876,0.93597895,0.9084656,0.9052911,0.9534392
RealTabPFN-2.5 (T+E),0.15423281,0.16931218,0.21693122,0.2640212,0.37671953,0.32698417,0.40952381,0.47777775,0.5026455,,0.69682544,0.69153446,0.7084656,0.5994709,0.67486775,0.73968256,0.76349205,0.79100525,0.68677247,0.7624338,0.6904762,0.8280423,0.823545,0.7960318,0.84708995,0.8669312,0.85820115,0.8402116,0.8656085,0.84709007,0.88042325,0.85370374,0.77301586,0.8899472,0.8756614,0.94603175,0.92275137,0.8904762,0.9169313,0.93227524
Mitra (default),0.13544974,0.12857144,0.1820106,0.17037039,0.23756616,0.20793651,0.35211644,0.3399471,0.34656087,0.30317464,,0.51481485,0.49232805,0.5962963,0.5772487,0.5962963,0.6624339,0.6132275,0.58941793,0.68412715,0.65608466,0.6687831,0.7002645,0.7455027,0.73068786,0.7746032,0.731746,0.7412699,0.75529104,0.83809525,0.8201058,0.83174604,0.7740741,0.7928571,0.8507937,0.82169306,0.85449743,0.8904762,0.91216934,0.89523804
TabPFNv2 (T+E),0.0957672,0.09312171,0.119312175,0.1457672,0.18862434,0.21904764,0.2968254,0.29417995,0.32857147,0.30846563,0.48518518,,0.4809524,0.54708993,0.52751327,0.6309524,0.64074075,0.64285713,0.5582011,0.6642857,0.61428577,0.66587305,0.68624336,0.67433864,0.68994707,0.7761905,0.7650793,0.7804233,0.7415345,0.7933863,0.7534392,0.77116406,0.7449736,0.77301586,0.8510583,0.8243386,0.8973545,0.8396825,0.88042325,0.93333346
LimiX (default),0.07804233,0.08359789,0.15608466,0.14814815,0.2179894,0.23174603,0.28941798,0.2669312,0.2873016,0.29153436,0.50767195,0.5190476,,0.47248676,0.5513228,0.6132275,0.6206349,0.62010586,0.54365087,0.59576726,0.5910053,0.6814815,0.7775132,0.75026447,0.7169312,0.80423284,0.7222223,0.7375661,0.74867725,0.78518516,0.77830684,0.73518515,0.7402116,0.8108466,0.82222223,0.84338623,0.85449725,0.8063493,0.873545,0.8767196
TabDPT-Turbo (default),0.12645504,0.14338624,0.16666667,0.20740743,0.18201059,0.24074075,0.36031747,0.2814815,0.35026458,0.4005291,0.4037037,0.45291007,0.5275132,,0.47830692,0.5947091,0.55740744,0.562963,0.61587304,0.56243384,0.6801588,0.62169313,0.64973545,0.65555555,0.6804233,0.68095237,0.69312173,0.64656085,0.6952381,0.710582,0.7322751,0.80529106,0.752381,0.8513228,0.8261905,0.8333333,0.884127,0.9121694,0.878836,0.9391535
TabICL (default),0.07724868,0.089417994,0.089417994,0.14391534,0.13333334,0.19708994,0.22619048,0.2357143,0.27460316,0.32513228,0.42275134,0.47248676,0.44867724,0.5216931,,0.5280423,0.5724868,0.573545,0.5828042,0.5793651,0.61322755,0.6396826,0.71137565,0.7084657,0.6883598,0.7031747,0.7529101,0.7195767,0.74973553,0.72380954,0.8005291,0.79629636,0.74179894,0.8216931,0.8645503,0.88253963,0.8830688,0.86931217,0.878836,0.93597883
RealMLP (T+E),0.10846561,0.10634921,0.14444445,0.12222223,0.17089948,0.15396826,0.18015875,0.21746032,0.22116405,0.26031744,0.40370375,0.3690476,0.3867725,0.40529102,0.47195765,,0.5015873,0.49814814,0.48333332,0.53015876,0.49523807,0.67777777,0.7343916,0.6259259,0.74126995,0.6873015,0.7306879,0.6555556,0.7751323,0.74021167,0.7650793,0.8092593,0.7285715,0.7502645,0.8095238,0.8984126,0.87460315,0.7994709,0.8645503,0.8904761
TabM (T+E),0.111640215,0.10608465,0.12063493,0.12380953,0.17142856,0.16984127,0.1719577,0.22010583,0.22116405,0.23650797,0.33756614,0.35925928,0.37936512,0.44259262,0.42751318,0.49841276,,0.5068784,0.5060847,0.5619048,0.54550266,0.64761907,0.6642858,0.637037,0.67460316,0.662963,0.6449736,0.6693122,0.7301587,0.7746032,0.75291,0.7539683,0.7354497,0.7095237,0.79365087,0.8513227,0.8158731,0.815873,0.88994706,0.87724864
"AutoGluon 1.4 (best, 4h)",0.088359796,0.083068796,0.112698406,0.13280423,0.14285715,0.20899473,0.15238097,0.20476191,0.21005292,0.20899473,0.3867725,0.35714287,0.3798942,0.43703705,0.42645505,0.5018519,0.49312174,,0.5037038,0.5460318,0.5124339,0.6608466,0.6592593,0.5825397,0.71164024,0.6687831,0.65370375,0.6232804,0.7571429,0.68412703,0.7804233,0.7650793,0.71851856,0.7230159,0.73968256,0.9089948,0.8492064,0.81164026,0.860582,0.90423286
TabDPT (T+E),0.096296296,0.09788361,0.08333334,0.1457672,0.08783069,0.16878307,0.22962964,0.22248676,0.2804233,0.31322753,0.41058204,0.44179893,0.45634913,0.38412702,0.41719577,0.5166667,0.49391538,0.4962963,,0.4883598,0.5399471,0.5428571,0.62010586,0.64656085,0.60952383,0.63068783,0.6642858,0.6613757,0.6071429,0.6833334,0.691799,0.7333333,0.70105815,0.8063493,0.82592595,0.81798935,0.88148147,0.8412698,0.8396825,0.90714294
BetaTabPFN (default),0.12619047,0.14232805,0.14444445,0.12592593,0.1936508,0.18333335,0.24603176,0.21269841,0.25714287,0.23756613,0.315873,0.33571428,0.40423283,0.43756622,0.4206349,0.46984124,0.43809527,0.45396823,0.51164025,,0.5370371,0.6074074,0.5878307,0.6121693,0.5835979,0.62222224,0.6465609,0.58888894,0.6645502,0.72962964,0.668254,0.6973545,0.7751323,0.71428573,0.80793655,0.78518516,0.8582011,0.82222223,0.9137566,0.9026456
TabSwift (default),0.13015874,0.13386244,0.13915345,0.15978836,0.14497356,0.14232805,0.23174602,0.1910053,0.27195767,0.3095238,0.34391534,0.3857143,0.40899467,0.31984127,0.38677242,0.50476193,0.45449734,0.48756614,0.4600529,0.46296293,,0.5343915,0.59365076,0.6201058,0.568254,0.5312169,0.64074075,0.5862434,0.59576714,0.64603174,0.6719577,0.77513224,0.7851852,0.82169306,0.7867725,0.8201058,0.810053,0.91851854,0.88253963,0.8714286
LightGBM (T+E),0.07936508,0.09312171,0.06984127,0.11904763,0.10820107,0.14814816,0.13015874,0.20423283,0.1809524,0.17195769,0.33121696,0.334127,0.31851852,0.37830693,0.36031747,0.32222223,0.352381,0.33915344,0.4571429,0.3925926,0.46560845,,0.5230159,0.5428571,0.5984127,0.5359788,0.60476196,0.5656085,0.7439153,0.65000004,0.62804246,0.6814815,0.70846564,0.70582014,0.7690476,0.867725,0.842328,0.7708995,0.86878306,0.89629626
iLTM (T+E),0.09629631,0.0867725,0.079100534,0.114814825,0.10793652,0.111640215,0.12222223,0.17248677,0.13862434,0.17645504,0.2997355,0.31375661,0.2224868,0.35026458,0.28862435,0.26560846,0.33571428,0.34074077,0.37989417,0.41216937,0.40634918,0.47698408,,0.5238095,0.49894178,0.52275133,0.60132277,0.5328043,0.57222223,0.5851852,0.61746037,0.6957672,0.6595238,0.68650794,0.7219577,0.8518519,0.81058204,0.79735446,0.7915343,0.8587302
SAP-RPT-OSS (default),0.11375662,0.12486772,0.12989418,0.10687832,0.14550264,0.14497356,0.1957672,0.2084656,0.18042329,0.20396826,0.25449738,0.32566136,0.24973547,0.34444448,0.29153442,0.37407413,0.362963,0.41746035,0.35343918,0.38783067,0.3798942,0.4571429,0.47619048,,0.4301587,0.44550264,0.5650794,0.5010582,0.5460317,0.55714285,0.621164,0.6714286,0.6301588,0.6396825,0.678836,0.7444445,0.73201054,0.8137566,0.83280426,0.7931217
CatBoost (T+E),0.06137567,0.06507937,0.06878307,0.06772487,0.105291,0.10899472,0.12380953,0.16402116,0.13121694,0.15291007,0.2693122,0.31005293,0.2830688,0.31957674,0.3116402,0.25873017,0.32539684,0.2883598,0.39047623,0.41640213,0.43174604,0.40158734,0.5010582,0.56984127,,0.50634915,0.5619048,0.52380955,0.54999995,0.57513225,0.62063485,0.66772485,0.6899471,0.6169312,0.7412698,0.80846566,0.82380956,0.7227513,0.81375664,0.8703704
ChimeraBoost (T+E),0.0846561,0.08465609,0.065608464,0.053968254,0.0952381,0.085185185,0.12645504,0.16455027,0.13968255,0.13306879,0.22539684,0.22380954,0.1957672,0.31904766,0.29682538,0.31269842,0.33703703,0.33121696,0.36931217,0.37777779,0.46878302,0.46402118,0.4772487,0.5544974,0.49365085,,0.5026456,0.55185187,0.5910053,0.5888889,0.58465606,0.59312177,0.70582014,0.65343916,0.6666667,0.7502646,0.7380953,0.7412699,0.79894185,0.8161376
xRFM (T+E),0.07301588,0.073015876,0.060317464,0.071428575,0.06984128,0.09047619,0.12592593,0.14338627,0.13650794,0.14179894,0.26825398,0.23492064,0.27777782,0.30687833,0.24708998,0.2693122,0.35502645,0.3462963,0.33571428,0.35343918,0.35925928,0.39523807,0.39867723,0.43492058,0.43809518,0.49735442,,0.49788362,0.45476192,0.5486772,0.51693124,0.602381,0.5857142,0.647619,0.6661376,0.7285714,0.77037036,0.78412694,0.8021165,0.8632275
ModernNCA (T+E),0.07724868,0.062962964,0.091005296,0.06613757,0.11375662,0.11640211,0.096825406,0.15291007,0.095238104,0.15978837,0.25873017,0.21957675,0.26243386,0.35343912,0.2804233,0.34444448,0.33068785,0.3767196,0.33862433,0.41111112,0.41375664,0.43439153,0.46719575,0.49894175,0.47619048,0.4481482,0.5021165,,0.5412698,0.57566136,0.5391534,0.56031746,0.60052913,0.5587302,0.63968253,0.6899471,0.6851852,0.6724867,0.67936504,0.75582016
XGBoost (T+E),0.045502648,0.04761905,0.04232804,0.06931217,0.07513227,0.09126985,0.1037037,0.14074075,0.14074075,0.13439155,0.24470901,0.25846565,0.25132278,0.30476195,0.25026453,0.22486773,0.26984128,0.24285716,0.3928572,0.33544976,0.4042328,0.25608468,0.42777783,0.4539683,0.45,0.40899473,0.5452382,0.45873025,,0.5015873,0.5579365,0.60105824,0.6640212,0.6145503,0.7031746,0.7486773,0.8166667,0.72883594,0.80423284,0.84973544
EBM (T+E),0.08783069,0.0899471,0.077248685,0.085185185,0.07777778,0.10000001,0.14285715,0.14550266,0.15026456,0.15291007,0.16190477,0.20661375,0.21481483,0.28941798,0.2761905,0.25978836,0.22539684,0.315873,0.31666666,0.2703704,0.35396826,0.35000002,0.4148148,0.44285715,0.42486772,0.41111112,0.4513228,0.4243386,0.49841273,,0.5068783,0.5441799,0.63703704,0.6354497,0.6875661,0.69947094,0.72169316,0.7624338,0.8391534,0.8703704
TorchMLP (T+E),0.049206354,0.05291006,0.03941799,0.058730166,0.055820107,0.05767196,0.0941799,0.105291,0.11269842,0.11957673,0.17989418,0.24656087,0.22169313,0.2677249,0.19947092,0.23492067,0.24708998,0.21957675,0.30820107,0.33174604,0.32804236,0.3719577,0.3825397,0.378836,0.37936512,0.4153439,0.4830688,0.46084657,0.4420635,0.49312168,,0.62962973,0.64788365,0.58571434,0.6407408,0.74021167,0.73703706,0.7513228,0.8060847,0.82910055
FastaiMLP (T+E),0.077248685,0.08042329,0.07513228,0.08306879,0.06269841,0.09973545,0.118518524,0.10740741,0.16402118,0.1462963,0.16825397,0.22883599,0.2648148,0.19470899,0.20370372,0.19074075,0.24603176,0.23492067,0.26666665,0.30264547,0.22486773,0.31851852,0.30423284,0.32857147,0.33227515,0.40687823,0.39761907,0.43968254,0.39894176,0.45582008,0.37037042,,0.5994709,0.59047616,0.5820106,0.6809524,0.6843916,0.75925916,0.7666666,0.8227513
TabSTAR (T+E),0.16455027,0.17354497,0.19259258,0.1910053,0.19312169,0.17089947,0.23386244,0.18359789,0.22539684,0.22698414,0.22592592,0.25502646,0.25978836,0.24761906,0.25820106,0.27142856,0.26455027,0.28148147,0.2989418,0.22486773,0.21481483,0.29153436,0.3404762,0.36984128,0.31005293,0.29417992,0.41428572,0.39947093,0.33597887,0.36296296,0.35211644,0.40052915,,0.4777778,0.5338624,0.584127,0.5650794,0.61851853,0.662963,0.70476186
OrionMSP (default),0.043386247,0.043915346,0.058730166,0.07671958,0.04603175,0.07566138,0.084391534,0.07089947,0.12910053,0.11005291,0.20714287,0.22698414,0.18915346,0.14867726,0.17830689,0.24973547,0.2904762,0.27698413,0.1936508,0.2857143,0.17830689,0.29417992,0.31349206,0.36031747,0.38306877,0.3465609,0.35238096,0.44126987,0.38544977,0.36455026,0.41428572,0.40952381,0.5222222,,0.4973545,0.6153439,0.5798942,0.74285716,0.7957672,0.71428573
ExtraTrees (T+E),0.050264552,0.050264545,0.031216934,0.04179894,0.032804232,0.045502648,0.078306876,0.11507938,0.07195767,0.12433863,0.14920637,0.1489418,0.1777778,0.17380954,0.13544975,0.1904762,0.20634921,0.26031747,0.1740741,0.19206351,0.21322753,0.2309524,0.27804232,0.32116404,0.25873017,0.33333334,0.33386245,0.36031744,0.29682538,0.31243387,0.35925928,0.4179894,0.46613756,0.5026455,,0.5560847,0.6500001,0.6544973,0.70925933,0.8687831
PerpetualBooster (T+E),0.02010582,0.032275133,0.034920637,0.033862434,0.04391535,0.070370376,0.061375663,0.08783069,0.07566138,0.05396826,0.17830689,0.17566137,0.15661375,0.16666666,0.11746032,0.10158731,0.14867726,0.0910053,0.18201058,0.2148148,0.17989418,0.13227515,0.14814815,0.25555557,0.1915344,0.24973547,0.27142859,0.31005287,0.25132278,0.30052912,0.25978836,0.31904763,0.415873,0.3846561,0.4439153,,0.50476193,0.5301587,0.6322751,0.6719577
RandomForest (T+E),0.027513228,0.027513228,0.040740743,0.02010582,0.040740743,0.05714286,0.06190476,0.08624339,0.06402117,0.07724868,0.14550266,0.1026455,0.14550264,0.11587302,0.11693122,0.12539683,0.184127,0.15079367,0.11851851,0.14179894,0.1899471,0.15767197,0.18941799,0.26798946,0.17619048,0.26190478,0.2296296,0.31481484,0.18333335,0.2783069,0.26296297,0.31560847,0.43492067,0.42010576,0.35000002,0.49523807,,0.55185175,0.6656085,0.7338624
TabFlex (default),0.054497354,0.05767196,0.051322754,0.08624339,0.051322754,0.06666666,0.08994709,0.07513228,0.09153439,0.10952381,0.10952382,0.16031748,0.1936508,0.08783069,0.13068783,0.2005291,0.18412699,0.18835981,0.15873016,0.1777778,0.08148149,0.22910053,0.20264551,0.18624337,0.27724868,0.25873014,0.21587299,0.32751322,0.27116403,0.23756613,0.24867725,0.24074073,0.3814815,0.25714287,0.34550261,0.46984133,0.44814822,,0.5687831,0.58148146
Linear (T+E),0.049206346,0.04761905,0.06349207,0.06190476,0.06031746,0.07301587,0.0873016,0.06560847,0.094708994,0.08306878,0.08783069,0.119576715,0.12645502,0.121164024,0.12116404,0.13544974,0.11005291,0.13941799,0.16031748,0.0862434,0.11746031,0.13121693,0.20846562,0.16719578,0.1862434,0.20105818,0.1978836,0.3206349,0.1957672,0.16084655,0.19391534,0.23333333,0.33703703,0.20423281,0.29074073,0.36772487,0.33439153,0.43121693,,0.48730165
KNN (T+E),0.02010582,0.032804232,0.027513228,0.020634921,0.024338625,0.03703704,0.052910056,0.037566137,0.04656085,0.06772486,0.104761906,0.06666667,0.123280436,0.06084656,0.06402116,0.10952382,0.122751325,0.0957672,0.092857145,0.0973545,0.12857144,0.1037037,0.14126985,0.20687832,0.12962964,0.18386243,0.13677248,0.24417989,0.15026456,0.12962963,0.17089947,0.17724867,0.29523808,0.2857143,0.13121694,0.32804236,0.26613757,0.4185185,0.5126984,
